"","Year","SettlementPoint","HourlyVolatility"
"1",2016,"HB_SOUTH",0.208053490967896
"2",2017,"HB_WEST",0.230251217614264
"3",2018,"HB_WEST",0.279675940630026
"4",2019,"HB_PAN",0.561879871551159
